The antiproton and antineutron were found by Emilio Segrè and Owen Chamberlain in 1955 at the University of California, Berkeley.	El antiprotón y el antineutrón fueron encontrados por Emilio Segrè y Owen Chamberlain en 1955, en la universidad de California.
As a result, an electron could always radiate energy and fall into a negative energy state.	Como resultado un electrón siempre podría radiar energía cayendo en un estado de energía negativa.
Even worse, it could keep radiating infinite amounts of energy because there were infinitely many negative energy states available.	Incluso peor que eso, podría estar radiando una cantidad infinita de energía porque habría disponibles infinitos estados de energía negativa.
Another difficulty was the difference in masses of the electron and the proton.	Otra dificultad que esta teoría encontraba era la diferencia entre las masas del electrón y el protón.
Dirac tried[clarification needed] to argue that this was due to the electromagnetic interactions with the sea, until Hermann Weyl proved that hole theory was completely symmetric between negative and positive charges.	Aquí Dirac intentó solucionarlo argumentando que esto se debía a las interacciones electromagnéticas con ese "mar", hasta que Hermann Weyl probó que la teoría de huecos era completamente simétrica entre las cargas negativas y positivas.
Robert Oppenheimer and Igor Tamm proved that this would cause ordinary matter to disappear too fast.	Robert Oppenheimer e Igor Tamm probaron que esto causaría que la materia ordinaria desapareciera demasiado deprisa.
A year later, in 1931, Dirac modified his theory and postulated the positron, a new particle of the same mass as the electron.	Un año más tarde, en 1931, Dirac modificó su teoría y postuló el positrón, una partícula nueva de la misma masa que el electrón.
The discovery of this particle the next year removed the last two objections to his theory.	El descubrimiento de esa partícula el año siguiente eliminó las dos últimas objeciones a su teoría.
However, the problem of infinite charge of the universe remains.[why?]	Sin embargo permanecía el problema de la carga infinita del universo.
This opens the way for virtual pair production or annihilation in which a one particle quantum state may fluctuate into a two particle state and back.	Esto abre la vía para la producción de pares virtuales o su aniquilación donde el estado cuántico de una sola partícula puede fluctuar en un estado cuántico de dos partículas y volver a su estado inicial.
These processes are important in the vacuum state and renormalization of a quantum field theory.	Estos procesos son importantes en el estado vacío y la renormalización de una teoría cuántica de campos.
This behaviour under CPT symmetry is the same as the statement that the particle and its antiparticle lie in the same irreducible representation of the Poincaré group.	Este comportamiento bajo CPT es el mismo que establece que una partícula y su antipartícula están en la misma representación irreducible del grupo de Poincaré.
Then the energy of the vacuum is exactly E0.	De esta forma la energía del vacío será exactamente E0.
Since all energies are measured relative to the vacuum, H is positive definite.	Como todas las energías se miden con respecto al vacío, H será definitivamente positiva.
Analysis of the properties of ak and bk shows that one is the annihilation operator for particles and the other for antiparticles.	Un análisis de las propiedades de ak y de bk muestra que uno es el operador de aniquilación para las partículas y el otro para las antipartículas.
This is the case of a fermion.	Este es el caso de un fermión.
This approach is due to Vladimir Fock, Wendell Furry and Robert Oppenheimer.	Esta aproximación se la debemos a Vladimir Fock, Wendell Furry y Robert Oppenheimer.
Since complex scalar fields admit two different kinds of annihilation operators, which are related by conjugation, such fields describe charged bosons.	Como los campos escalares complejos admiten dos clases diferentes de operadores de aniquilación, que están relacionados por conjugación, esos campos describen bosones cargados.
This technique is the most widespread method of computing amplitudes in quantum field theory today.	Esta técnica es ahora la más extendida para calcular amplitudes en la teoría cuántica de campos.
