AntiparticleFrom Wikipedia, the free encyclopediaAntimatterPositronDiscovery.jpgAnnihilationDevices[show]Antiparticles[show]Uses[show]Bodies[show]People[show]v t eDiagram illustrating the particles and antiparticles of electron, neutron and proton, as well as their "size" (not to scale).	AntiparticleFrom Wikipedia, the free encyclopediaAntimatterPositronDiscovery.jpgAnnihilationDevices[show]Antiparticles[show]Uses[show]Bodies[show]People[show]v t eDiagram illustrating the particles and antiparticles of electron, neutron and proton, as well as their "size" (not to scale).
It is easier to identify them by looking at the total mass of both the antiparticle and particle.	It is easier to identify them by looking at the total mass of both the antiparticle and particle.
On the left, from top to bottom, is shown an electron (small red dot), a proton (big blue dot), and a neutron (big dot, black in the middle, gradually fading to white near the edges).	On the left, from top to bottom, is shown an electron (small red dot), a proton (big blue dot), and a neutron (big dot, black in the middle, gradually fading to white near the edges).
On the right, from top to bottom, are show the anti electron (small blue dot), anti proton (big red dot) and anti neutron (big dot, white in the middle, fading to black near the edges).	On the right, from top to bottom, are show the anti electron (small blue dot), anti proton (big red dot) and anti neutron (big dot, white in the middle, fading to black near the edges).
Illustration of electric charge of particles (left) and antiparticles (right).	Illustration of electric charge of particles (left) and antiparticles (right).
From top to bottom; electron/positron, proton/antiproton, neutron/antineutron.	From top to bottom; electron/positron, proton/antiproton, neutron/antineutron.
Corresponding to most kinds of particles, there is an associated antiparticle with the same mass and opposite charge (including electric charge).	Corresponding to most kinds of particles, there is an associated antiparticle with the same mass and opposite charge (including electric charge).
For example, the antiparticle of the electron is the positron (antielectron), which has positive charge and is produced naturally in certain types of radioactive decay.	For example, the antiparticle of the electron is the positron (antielectron), which has positive charge and is produced naturally in certain types of radioactive decay.
The opposite is also true: the antiparticle of the positron is the electron.	The opposite is also true: the antiparticle of the positron is the electron.
Some particles, such as the photon, are their own antiparticle.	Some particles, such as the photon, are their own antiparticle.
Otherwise, for each pair of antiparticle partners, one is designated as normal matter (the kind we are made of), and the other (usually given the prefix "anti") as antimatter.	Otherwise, for each pair of antiparticle partners, one is designated as normal matter (the kind we are made of), and the other (usually given the prefix "anti") as antimatter.
Particle–antiparticle pairs can annihilate each other, producing photons; since the charges of the particle and antiparticle are opposite, total charge is conserved.	Particle–antiparticle pairs can annihilate each other, producing photons; since the charges of the particle and antiparticle are opposite, total charge is conserved.
For example, the positrons produced in natural radioactive decay quickly annihilate themselves with electrons, producing pairs of gamma rays, a process exploited in positron emission tomography.	For example, the positrons produced in natural radioactive decay quickly annihilate themselves with electrons, producing pairs of gamma rays, a process exploited in positron emission tomography.
The laws of nature are very nearly symmetrical with respect to particles and antiparticles.	The laws of nature are very nearly symmetrical with respect to particles and antiparticles.
For example, an antiproton and a positron can form an antihydrogen atom, which is believed to have the same properties as a hydrogen atom.	For example, an antiproton and a positron can form an antihydrogen atom, which is believed to have the same properties as a hydrogen atom.
This leads to the question of why the formation of matter after the Big Bang resulted in a universe consisting almost entirely of matter, rather than being a half-and-half mixture of matter and antimatter.	This leads to the question of why the formation of matter after the Big Bang resulted in a universe consisting almost entirely of matter, rather than being a half-and-half mixture of matter and antimatter.
The discovery of Charge Parity violation helped to shed light on this problem by showing that this symmetry, originally thought to be perfect, was only approximate.	The discovery of Charge Parity violation helped to shed light on this problem by showing that this symmetry, originally thought to be perfect, was only approximate.
Antiparticles are produced naturally in beta decay, and in the interaction of cosmic rays in the Earth's atmosphere.	Antiparticles are produced naturally in beta decay, and in the interaction of cosmic rays in the Earth's atmosphere.
Because charge is conserved, it is not possible to create an antiparticle without either destroying a particle of the same charge (as inβ+decay, when a proton (positive charge) is destroyed, a neutron created and a positron (positive charge, antiparticle) is also created and emitted) or by creating a particle of the opposite charge.	Because charge is conserved, it is not possible to create an antiparticle without either destroying a particle of the same charge (as inβ+decay, when a proton (positive charge) is destroyed, a neutron created and a positron (positive charge, antiparticle) is also created and emitted) or by creating a particle of the opposite charge.
The latter is seen in many processes in which both a particle and its antiparticle are created simultaneously, as in particle accelerators.	The latter is seen in many processes in which both a particle and its antiparticle are created simultaneously, as in particle accelerators.
This is the inverse of the particle–antiparticle annihilation process.	This is the inverse of the particle–antiparticle annihilation process.
Although particles and their antiparticles have opposite charges, electrically neutral particles need not be identical to their antiparticles.	Although particles and their antiparticles have opposite charges, electrically neutral particles need not be identical to their antiparticles.
The neutron, for example, is made out of quarks, the antineutron from antiquarks, and they are distinguishable from one another because neutrons and antineutrons annihilate each other upon contact.	The neutron, for example, is made out of quarks, the antineutron from antiquarks, and they are distinguishable from one another because neutrons and antineutrons annihilate each other upon contact.
However, other neutral particles are their own antiparticles, such as photons, hypothetical gravitons, and some WIMPs.	However, other neutral particles are their own antiparticles, such as photons, hypothetical gravitons, and some WIMPs.
Contents [hide]1 History1.1 Experiment1.2 Dirac hole theory2 Particle–antiparticle annihilation3 Properties4 Quantum field theory4.1 Feynman–Stueckelberg interpretation5 See also6 Notes7 ReferencesHistory[edit]Experiment[edit]In 1932, soon after the prediction of positrons by Paul Dirac, Carl D. Anderson found that cosmic-ray collisions produced these particles in a cloud chamber— a particle detector in which moving electrons (or positrons) leave behind trails as they move through the gas.	Contents [hide]1 History1.1 Experiment1.2 Dirac hole theory2 Particle–antiparticle annihilation3 Properties4 Quantum field theory4.1 Feynman–Stueckelberg interpretation5 See also6 Notes7 ReferencesHistory[edit]Experiment[edit]In 1932, soon after the prediction of positrons by Paul Dirac, Carl D. Anderson found that cosmic-ray collisions produced these particles in a cloud chamber— a particle detector in which moving electrons (or positrons) leave behind trails as they move through the gas.
The electric charge-to-mass ratio of a particle can be measured by observing the radius of curling of its cloud-chamber track in a magnetic field.	The electric charge-to-mass ratio of a particle can be measured by observing the radius of curling of its cloud-chamber track in a magnetic field.
Positrons, because of the direction that their paths curled, were at first mistaken for electrons travelling in the opposite direction.	Positrons, because of the direction that their paths curled, were at first mistaken for electrons travelling in the opposite direction.
Positron paths in a cloud-chamber trace the same helical path as an electron but rotate in the opposite direction with respect to the magnetic field direction due to their having the same magnitude of charge-to-mass ratio but with opposite charge and, therefore, opposite signed charge-to-mass ratios.	Positron paths in a cloud-chamber trace the same helical path as an electron but rotate in the opposite direction with respect to the magnetic field direction due to their having the same magnitude of charge-to-mass ratio but with opposite charge and, therefore, opposite signed charge-to-mass ratios.
The antiproton and antineutron were found by Emilio Segrè and Owen Chamberlain in 1955 at the University of California, Berkeley.	The antiproton and antineutron were found by Emilio Segrè and Owen Chamberlain in 1955 at the University of California, Berkeley.
Since then, the antiparticles of many other subatomic particles have been created in particle accelerator experiments.	Since then, the antiparticles of many other subatomic particles have been created in particle accelerator experiments.
In recent years, complete atoms of antimatter have been assembled out of antiprotons and positrons, collected in electromagnetic traps.	In recent years, complete atoms of antimatter have been assembled out of antiprotons and positrons, collected in electromagnetic traps.
[1]Dirac hole theory[edit]... the development of quantum field theory made the interpretation of antiparticles as holes unnecessary, even though it lingers on in many textbooks.	[1]Dirac hole theory[edit]... the development of quantum field theory made the interpretation of antiparticles as holes unnecessary, even though it lingers on in many textbooks.
Steven Weinberg[2]Solutions of the Dirac equation contained[clarification needed] negative energy quantum states.	Steven Weinberg[2]Solutions of the Dirac equation contained[clarification needed] negative energy quantum states.
As a result, an electron could always radiate energy and fall into a negative energy state.	As a result, an electron could always radiate energy and fall into a negative energy state.
Even worse, it could keep radiating infinite amounts of energy because there were infinitely many negative energy states available.	Even worse, it could keep radiating infinite amounts of energy because there were infinitely many negative energy states available.
To prevent this unphysical situation from happening, Dirac proposed that a "sea" of negative-energy electrons fills the universe, already occupying all of the lower-energy states so that, due to the Pauli exclusion principle, no other electron could fall into them.	To prevent this unphysical situation from happening, Dirac proposed that a "sea" of negative-energy electrons fills the universe, already occupying all of the lower-energy states so that, due to the Pauli exclusion principle, no other electron could fall into them.
Sometimes, however, one of these negative-energy particles could be lifted out of this Dirac sea to become a positive-energy particle.	Sometimes, however, one of these negative-energy particles could be lifted out of this Dirac sea to become a positive-energy particle.
But, when lifted out, it would leave behind a hole in the sea that would act exactly like a positive-energy electron with a reversed charge.	But, when lifted out, it would leave behind a hole in the sea that would act exactly like a positive-energy electron with a reversed charge.
These he interpreted as "negative-energy electrons" and attempted to identify them with protons in his 1930 paper A Theory of Electrons and Protons[3] However, these "negative-energy electrons" turned out to be positrons, and not protons.	These he interpreted as "negative-energy electrons" and attempted to identify them with protons in his 1930 paper A Theory of Electrons and Protons[3] However, these "negative-energy electrons" turned out to be positrons, and not protons.
This picture implied an infinite negative charge for the universe—a problem of which Dirac was aware.	This picture implied an infinite negative charge for the universe—a problem of which Dirac was aware.
Dirac tried[clarification needed] to argue that we would perceive this as the normal state of zero charge.	Dirac tried[clarification needed] to argue that we would perceive this as the normal state of zero charge.
Another difficulty was the difference in masses of the electron and the proton.	Another difficulty was the difference in masses of the electron and the proton.
Dirac tried[clarification needed] to argue that this was due to the electromagnetic interactions with the sea, until Hermann Weyl proved that hole theory was completely symmetric between negative and positive charges.	Dirac tried[clarification needed] to argue that this was due to the electromagnetic interactions with the sea, until Hermann Weyl proved that hole theory was completely symmetric between negative and positive charges.
Dirac also predicted a reactione−p+, where an electron and a proton annihilate to give two photons.	Dirac also predicted a reactione−p+, where an electron and a proton annihilate to give two photons.
Robert Oppenheimer and Igor Tamm proved that this would cause ordinary matter to disappear too fast.	Robert Oppenheimer and Igor Tamm proved that this would cause ordinary matter to disappear too fast.
A year later, in 1931, Dirac modified his theory and postulated the positron, a new particle of the same mass as the electron.	A year later, in 1931, Dirac modified his theory and postulated the positron, a new particle of the same mass as the electron.
The discovery of this particle the next year removed the last two objections to his theory.	The discovery of this particle the next year removed the last two objections to his theory.
However, the problem of infinite charge of the universe remains.[why?]	However, the problem of infinite charge of the universe remains.[why?]
Also, as we now know, bosons also have antiparticles, but since bosons do not obey the Pauli exclusion principle (only fermions do), hole theory does not work for them.	Also, as we now know, bosons also have antiparticles, but since bosons do not obey the Pauli exclusion principle (only fermions do), hole theory does not work for them.
A unified interpretation of antiparticles is now available in quantum field theory, which solves both these problems.[how?]	A unified interpretation of antiparticles is now available in quantum field theory, which solves both these problems.[how?]
Particle–antiparticle annihilation[edit]Main article: AnnihilationFeynman diagram of a kaon oscillation.	Particle–antiparticle annihilation[edit]Main article: AnnihilationFeynman diagram of a kaon oscillation.
A straight red line suddenly turns purple, showing a kaon changing into an antikaon.	A straight red line suddenly turns purple, showing a kaon changing into an antikaon.
A medallion is show zooming in on the region where the line changes color.	A medallion is show zooming in on the region where the line changes color.
The medallion shows that the line is not straight, but rather that at the place the kaon changes into an antikaon, the red line breaks into two curved lines, corresponding the production of virtual pions, which rejoin into the violet line, corresponding to the annihilation of the virtual pions.	The medallion shows that the line is not straight, but rather that at the place the kaon changes into an antikaon, the red line breaks into two curved lines, corresponding the production of virtual pions, which rejoin into the violet line, corresponding to the annihilation of the virtual pions.
An example of a virtual pion pair that influences the propagation of a kaon, causing a neutral kaon to mix with the antikaon.	An example of a virtual pion pair that influences the propagation of a kaon, causing a neutral kaon to mix with the antikaon.
This is an example of renormalization in quantum field theory— the field theory being necessary because of the change in particle number.	This is an example of renormalization in quantum field theory— the field theory being necessary because of the change in particle number.
If a particle and antiparticle are in the appropriate quantum states, then they can annihilate each other and produce other particles.	If a particle and antiparticle are in the appropriate quantum states, then they can annihilate each other and produce other particles.
Reactions such ase−e+(the two-photon annihilation of an electron-positron pair) are an example.	Reactions such ase−e+(the two-photon annihilation of an electron-positron pair) are an example.
The single-photon annihilation of an electron-positron pair,e−e+, cannot occur in free space because it is impossible to conserve energy and momentum together in this process.	The single-photon annihilation of an electron-positron pair,e−e+, cannot occur in free space because it is impossible to conserve energy and momentum together in this process.
However, in the Coulomb field of a nucleus the translational invariance is broken and single-photon annihilation may occur.	However, in the Coulomb field of a nucleus the translational invariance is broken and single-photon annihilation may occur.
[4] The reverse reaction (in free space, without an atomic nucleus) is also impossible for this reason.	[4] The reverse reaction (in free space, without an atomic nucleus) is also impossible for this reason.
In quantum field theory, this process is allowed only as an intermediate quantum state for times short enough that the violation of energy conservation can be accommodated by the uncertainty principle.	In quantum field theory, this process is allowed only as an intermediate quantum state for times short enough that the violation of energy conservation can be accommodated by the uncertainty principle.
This opens the way for virtual pair production or annihilation in which a one particle quantum state may fluctuate into a two particle state and back.	This opens the way for virtual pair production or annihilation in which a one particle quantum state may fluctuate into a two particle state and back.
These processes are important in the vacuum state and renormalization of a quantum field theory.	These processes are important in the vacuum state and renormalization of a quantum field theory.
It also opens the way for neutral particle mixing through processes such as the one pictured here, which is a complicated example of mass renormalization.	It also opens the way for neutral particle mixing through processes such as the one pictured here, which is a complicated example of mass renormalization.
Properties[edit]Quantum states of a particle and an antiparticle can be interchanged by applying the charge conjugation (C), parity (P), and time reversal (T) operators.	Properties[edit]Quantum states of a particle and an antiparticle can be interchanged by applying the charge conjugation (C), parity (P), and time reversal (T) operators.
If {\displaystyle |p,\sigma ,n\rangle } |p,\sigma ,n\rangle denotes the quantum state of a particle (n) with momentum p, spin J whose component in the z-direction is σ, then one has{\displaystyle CPT\ |p,\sigma ,n\rangle \ =\ (-1)^{J-\sigma }\ |p,-\sigma ,n^{c}\rangle ,} CPT\ |p,\sigma ,n\rangle \ =\ (-1)^{J-\sigma }\ |p,-\sigma ,n^{c}\rangle ,where nc denotes the charge conjugate state, that is, the antiparticle.	If {\displaystyle |p,\sigma ,n\rangle } |p,\sigma ,n\rangle denotes the quantum state of a particle (n) with momentum p, spin J whose component in the z-direction is σ, then one has{\displaystyle CPT\ |p,\sigma ,n\rangle \ =\ (-1)^{J-\sigma }\ |p,-\sigma ,n^{c}\rangle ,} CPT\ |p,\sigma ,n\rangle \ =\ (-1)^{J-\sigma }\ |p,-\sigma ,n^{c}\rangle ,where nc denotes the charge conjugate state, that is, the antiparticle.
This behaviour under CPT symmetry is the same as the statement that the particle and its antiparticle lie in the same irreducible representation of the Poincaré group.	This behaviour under CPT symmetry is the same as the statement that the particle and its antiparticle lie in the same irreducible representation of the Poincaré group.
Properties of antiparticles can be related to those of particles through this.	Properties of antiparticles can be related to those of particles through this.
If T is a good symmetry of the dynamics, then{\displaystyle T\ |p,\sigma ,n\rangle \ \propto \ |-p,-\sigma ,n\rangle ,} T\ |p,\sigma ,n\rangle \ \propto \ |-p,-\sigma ,n\rangle ,{\displaystyle CP\ |p,\sigma ,n\rangle \ \propto \ |-p,\sigma ,n^{c}\rangle ,} CP\ |p,\sigma ,n\rangle \ \propto \ |-p,\sigma ,n^{c}\rangle ,{\displaystyle C\ |p,\sigma ,n\rangle \ \propto \ |p,\sigma ,n^{c}\rangle ,} C\ |p,\sigma ,n\rangle \ \propto \ |p,\sigma ,n^{c}\rangle ,where the proportionality sign indicates that there might be a phase on the right hand side.	If T is a good symmetry of the dynamics, then{\displaystyle T\ |p,\sigma ,n\rangle \ \propto \ |-p,-\sigma ,n\rangle ,} T\ |p,\sigma ,n\rangle \ \propto \ |-p,-\sigma ,n\rangle ,{\displaystyle CP\ |p,\sigma ,n\rangle \ \propto \ |-p,\sigma ,n^{c}\rangle ,} CP\ |p,\sigma ,n\rangle \ \propto \ |-p,\sigma ,n^{c}\rangle ,{\displaystyle C\ |p,\sigma ,n\rangle \ \propto \ |p,\sigma ,n^{c}\rangle ,} C\ |p,\sigma ,n\rangle \ \propto \ |p,\sigma ,n^{c}\rangle ,where the proportionality sign indicates that there might be a phase on the right hand side.
In other words, particle and antiparticle must havethe same mass mthe same spin state Jopposite electric charges q and -q.Quantum field theory[edit]This section draws upon the ideas, language and notation of canonical quantization of a quantum field theory.	In other words, particle and antiparticle must havethe same mass mthe same spin state Jopposite electric charges q and -q.Quantum field theory[edit]This section draws upon the ideas, language and notation of canonical quantization of a quantum field theory.
One may try to quantize an electron field without mixing the annihilation and creation operators by writing{\displaystyle \psi (x)=\sum _{k}u_{k}(x)a_{k}e^{-iE(k)t},\,} \psi (x)=\sum _{k}u_{k}(x)a_{k}e^{-iE(k)t},\,where we use the symbol k to denote the quantum numbers p and σ of the previous section and the sign of the energy, E(k), and ak denotes the corresponding annihilation operators.	One may try to quantize an electron field without mixing the annihilation and creation operators by writing{\displaystyle \psi (x)=\sum _{k}u_{k}(x)a_{k}e^{-iE(k)t},\,} \psi (x)=\sum _{k}u_{k}(x)a_{k}e^{-iE(k)t},\,where we use the symbol k to denote the quantum numbers p and σ of the previous section and the sign of the energy, E(k), and ak denotes the corresponding annihilation operators.
Of course, since we are dealing with fermions, we have to have the operators satisfy canonical anti-commutation relations.	Of course, since we are dealing with fermions, we have to have the operators satisfy canonical anti-commutation relations.
However, if one now writes down the Hamiltonian{\displaystyle H=\sum _{k}E(k)a_{k}^{\dagger }a_{k},\,} H=\sum _{k}E(k)a_{k}^{\dagger }a_{k},\,then one sees immediately that the expectation value of H need not be positive.	However, if one now writes down the Hamiltonian{\displaystyle H=\sum _{k}E(k)a_{k}^{\dagger }a_{k},\,} H=\sum _{k}E(k)a_{k}^{\dagger }a_{k},\,then one sees immediately that the expectation value of H need not be positive.
This is because E(k) can have any sign whatsoever, and the combination of creation and annihilation operators has expectation value 1 or 0.	This is because E(k) can have any sign whatsoever, and the combination of creation and annihilation operators has expectation value 1 or 0.
So one has to introduce the charge conjugate antiparticle field, with its own creation and annihilation operators satisfying the relations{\displaystyle b_{k\prime }=a_{k}^{\dagger }\ \mathrm {and} \ b_{k\prime }^{\dagger }=a_{k},\,} b_{k\prime }=a_{k}^{\dagger }\ \mathrm {and} \ b_{k\prime }^{\dagger }=a_{k},\,where k has the same p, and opposite σ and sign of the energy.	So one has to introduce the charge conjugate antiparticle field, with its own creation and annihilation operators satisfying the relations{\displaystyle b_{k\prime }=a_{k}^{\dagger }\ \mathrm {and} \ b_{k\prime }^{\dagger }=a_{k},\,} b_{k\prime }=a_{k}^{\dagger }\ \mathrm {and} \ b_{k\prime }^{\dagger }=a_{k},\,where k has the same p, and opposite σ and sign of the energy.
Then one can rewrite the field in the form{\displaystyle \psi (x)=\sum _{k_{+}}u_{k}(x)a_{k}e^{-iE(k)t}+\sum _{k_{-}}u_{k}(x)b_{k}^{\dagger }e^{-iE(k)t},\,} \psi (x)=\sum _{k_{+}}u_{k}(x)a_{k}e^{-iE(k)t}+\sum _{k_{-}}u_{k}(x)b_{k}^{\dagger }e^{-iE(k)t},\,where the first sum is over positive energy states and the second over those of negative energy.	Then one can rewrite the field in the form{\displaystyle \psi (x)=\sum _{k_{+}}u_{k}(x)a_{k}e^{-iE(k)t}+\sum _{k_{-}}u_{k}(x)b_{k}^{\dagger }e^{-iE(k)t},\,} \psi (x)=\sum _{k_{+}}u_{k}(x)a_{k}e^{-iE(k)t}+\sum _{k_{-}}u_{k}(x)b_{k}^{\dagger }e^{-iE(k)t},\,where the first sum is over positive energy states and the second over those of negative energy.
The energy becomes{\displaystyle H=\sum _{k_{+}}E_{k}a_{k}^{\dagger }a_{k}+\sum _{k_{-}}|E(k)|b_{k}^{\dagger }b_{k}+E_{0},\,} H=\sum _{k_{+}}E_{k}a_{k}^{\dagger }a_{k}+\sum _{k_{-}}|E(k)|b_{k}^{\dagger }b_{k}+E_{0},\,where E0 is an infinite negative constant.	The energy becomes{\displaystyle H=\sum _{k_{+}}E_{k}a_{k}^{\dagger }a_{k}+\sum _{k_{-}}|E(k)|b_{k}^{\dagger }b_{k}+E_{0},\,} H=\sum _{k_{+}}E_{k}a_{k}^{\dagger }a_{k}+\sum _{k_{-}}|E(k)|b_{k}^{\dagger }b_{k}+E_{0},\,where E0 is an infinite negative constant.
The vacuum state is defined as the state with no particle or antiparticle, i.e., {\displaystyle a_{k}|0\rangle =0} a_{k}|0\rangle =0 and {\displaystyle b_{k}|0\rangle =0} b_{k}|0\rangle =0.	The vacuum state is defined as the state with no particle or antiparticle, i.e., {\displaystyle a_{k}|0\rangle =0} a_{k}|0\rangle =0 and {\displaystyle b_{k}|0\rangle =0} b_{k}|0\rangle =0.
Then the energy of the vacuum is exactly E0.	Then the energy of the vacuum is exactly E0.
Since all energies are measured relative to the vacuum, H is positive definite.	Since all energies are measured relative to the vacuum, H is positive definite.
Analysis of the properties of ak and bk shows that one is the annihilation operator for particles and the other for antiparticles.	Analysis of the properties of ak and bk shows that one is the annihilation operator for particles and the other for antiparticles.
This is the case of a fermion.	This is the case of a fermion.
This approach is due to Vladimir Fock, Wendell Furry and Robert Oppenheimer.	This approach is due to Vladimir Fock, Wendell Furry and Robert Oppenheimer.
If one quantizes a real scalar field, then one finds that there is only one kind of annihilation operator; therefore, real scalar fields describe neutral bosons.	If one quantizes a real scalar field, then one finds that there is only one kind of annihilation operator; therefore, real scalar fields describe neutral bosons.
Since complex scalar fields admit two different kinds of annihilation operators, which are related by conjugation, such fields describe charged bosons.	Since complex scalar fields admit two different kinds of annihilation operators, which are related by conjugation, such fields describe charged bosons.
Feynman–Stueckelberg interpretation[edit]By considering the propagation of the negative energy modes of the electron field backward in time, Ernst Stueckelberg reached a pictorial understanding of the fact that the particle and antiparticle have equal mass m and spin J but opposite charges q.	Feynman–Stueckelberg interpretation[edit]By considering the propagation of the negative energy modes of the electron field backward in time, Ernst Stueckelberg reached a pictorial understanding of the fact that the particle and antiparticle have equal mass m and spin J but opposite charges q.
This allowed him to rewrite perturbation theory precisely in the form of diagrams.	This allowed him to rewrite perturbation theory precisely in the form of diagrams.
Richard Feynman later gave an independent systematic derivation of these diagrams from a particle formalism, and they are now called Feynman diagrams.	Richard Feynman later gave an independent systematic derivation of these diagrams from a particle formalism, and they are now called Feynman diagrams.
Each line of a diagram represents a particle propagating either backward or forward in time.	Each line of a diagram represents a particle propagating either backward or forward in time.
This technique is the most widespread method of computing amplitudes in quantum field theory today.	This technique is the most widespread method of computing amplitudes in quantum field theory today.
Since this picture was first developed by Ernst Stueckelberg,[5] and acquired its modern form in Feynman's work,[6] it is called the Feynman–Stueckelberg interpretation of antiparticles to honor both scientists.	Since this picture was first developed by Ernst Stueckelberg,[5] and acquired its modern form in Feynman's work,[6] it is called the Feynman–Stueckelberg interpretation of antiparticles to honor both scientists.
As a consequence of this interpretation, Villata argued that the assumption of antimatter as CPT-transformed matter would imply that the gravitational interaction between matter and antimatter is repulsive.	As a consequence of this interpretation, Villata argued that the assumption of antimatter as CPT-transformed matter would imply that the gravitational interaction between matter and antimatter is repulsive.
