El antiprotón y el antineutrón fueron encontrados por Emilio Segrè y Owen Chamberlain en 1955, en la universidad de California.	The antiproton and antineutron were found by Emilio Segrè and Owen Chamberlain in 1955 at the University of California, Berkeley.
Desde entonces se han creado las antipartículas de muchas otras partículas subatómicas en los experimentos con aceleradores de partículas.	Since then, the antiparticles of many other subatomic particles have been created in particle accelerator experiments.
En años recientes, se ha conseguido generar átomos completos de antimateria compuestos por antiprotones y positrones, recolectados en trampas electromagnéticas.	In recent years, complete atoms of antimatter have been assembled out of antiprotons and positrons, collected in electromagnetic traps.
Como resultado un electrón siempre podría radiar energía cayendo en un estado de energía negativa.	As a result, an electron could always radiate energy and fall into a negative energy state.
Incluso peor que eso, podría estar radiando una cantidad infinita de energía porque habría disponibles infinitos estados de energía negativa.	Even worse, it could keep radiating infinite amounts of energy because there were infinitely many negative energy states available.
Otra dificultad que esta teoría encontraba era la diferencia entre las masas del electrón y el protón.	Another difficulty was the difference in masses of the electron and the proton.
Robert Oppenheimer e Igor Tamm probaron que esto causaría que la materia ordinaria desapareciera demasiado deprisa.	Robert Oppenheimer and Igor Tamm proved that this would cause ordinary matter to disappear too fast.
Un año más tarde, en 1931, Dirac modificó su teoría y postuló el positrón, una partícula nueva de la misma masa que el electrón.	A year later, in 1931, Dirac modified his theory and postulated the positron, a new particle of the same mass as the electron.
El descubrimiento de esa partícula el año siguiente eliminó las dos últimas objeciones a su teoría.	The discovery of this particle the next year removed the last two objections to his theory.
Sin embargo permanecía el problema de la carga infinita del universo.	However, the problem of infinite charge of the universe remains.[why?]
La teoría cuántica de campos proporciona una interpretación unificada de las antipartículas, que resuelve ambos problemas.	A unified interpretation of antiparticles is now available in quantum field theory, which solves both these problems.[how?]
Estos procesos son importantes en el estado vacío y la renormalización de una teoría cuántica de campos.	These processes are important in the vacuum state and renormalization of a quantum field theory.
Este comportamiento bajo CPT es el mismo que establece que una partícula y su antipartícula están en la misma representación irreducible del grupo de Poincaré.	This behaviour under CPT symmetry is the same as the statement that the particle and its antiparticle lie in the same irreducible representation of the Poincaré group.
Las propiedades de las antipartículas pueden relacionarse así con las de las partículas.	Properties of antiparticles can be related to those of particles through this.
Por supuesto, como estamos tratando con fermiones, los operadores deberán satisfacer las relaciones canónicas anticonmutativas.	Of course, since we are dealing with fermions, we have to have the operators satisfy canonical anti-commutation relations.
Esto ocurre porque E(k) puede tener cualquier signo posible, y la combinación de operadores de creación y de aniquilación tiene valor esperado 1 ó 0.	This is because E(k) can have any sign whatsoever, and the combination of creation and annihilation operators has expectation value 1 or 0.
De esta forma la energía del vacío será exactamente E0.	Then the energy of the vacuum is exactly E0.
Como todas las energías se miden con respecto al vacío, H será definitivamente positiva.	Since all energies are measured relative to the vacuum, H is positive definite.
Un análisis de las propiedades de ak y de bk muestra que uno es el operador de aniquilación para las partículas y el otro para las antipartículas.	Analysis of the properties of ak and bk shows that one is the annihilation operator for particles and the other for antiparticles.
Este es el caso de un fermión.	This is the case of a fermion.
Esta aproximación se la debemos a Vladimir Fock, Wendell Furry y Robert Oppenheimer.	This approach is due to Vladimir Fock, Wendell Furry and Robert Oppenheimer.
Como los campos escalares complejos admiten dos clases diferentes de operadores de aniquilación, que están relacionados por conjugación, esos campos describen bosones cargados.	Since complex scalar fields admit two different kinds of annihilation operators, which are related by conjugation, such fields describe charged bosons.
Esta técnica es ahora la más extendida para calcular amplitudes en la teoría cuántica de campos.	This technique is the most widespread method of computing amplitudes in quantum field theory today.
